File,Title,Category,2025 target,Evidence status,Review flags
"src/data/biology-y11-m1-l01-prokaryotic-vs-eukaryotic-cells.json","Prokaryotic vs Eukaryotic Cells","shared-core candidate","Year 11 Cells as the basis of life","Topic comparison against the old focus-area paragraph range and direct new content IDs. Full script and practical coverage still need approval.",""
"src/data/biology-y11-m1-l02-inside-the-eukaryotic-cell.json","Inside the Eukaryotic Cell","shared-core candidate","Year 11 Cells as the basis of life","Topic comparison against the old focus-area paragraph range and direct new content IDs. Full script and practical coverage still need approval.",""
"src/data/biology-y11-m1-l03-plant-vs-animal-cells.json","Plant vs Animal Cells","shared-core candidate","Year 11 Cells as the basis of life","Topic comparison against the old focus-area paragraph range and direct new content IDs. Full script and practical coverage still need approval.",""
"src/data/biology-y11-m1-l04-prokaryotic-cell-structures.json","Prokaryotic Cell Structures","shared-core candidate","Year 11 Cells as the basis of life","Topic comparison against the old focus-area paragraph range and direct new content IDs. Full script and practical coverage still need approval.",""
"src/data/biology-y11-m1-l05-using-the-microscope.json","Using the Microscope","shared-core candidate","Year 11 Cells as the basis of life","Topic comparison against the old focus-area paragraph range and direct new content IDs. Full script and practical coverage still need approval.",""
"src/data/biology-y11-m1-l06-microscopy-and-scientific-understanding.json","Microscopy & Scientific Understanding","scope review","Year 11 Cells as the basis of life","Shared science has more explicit scope or a changed required context. Review additions rather than rebuilding the whole lesson.",""
"src/data/biology-y11-m1-l07-fluid-mosaic-membrane.json","The Fluid Mosaic Membrane","shared-core candidate","Year 11 Cells as the basis of life","Topic comparison against the old focus-area paragraph range and direct new content IDs. Full script and practical coverage still need approval.",""
"src/data/biology-y11-m1-l08-passive-transport.json","Passive Transport","shared-core candidate","Year 11 Cells as the basis of life","Topic comparison against the old focus-area paragraph range and direct new content IDs. Full script and practical coverage still need approval.",""
"src/data/biology-y11-m1-l09-tonicity-and-cells.json","Tonicity & Cells","shared-core candidate","Year 11 Cells as the basis of life","Topic comparison against the old focus-area paragraph range and direct new content IDs. Full script and practical coverage still need approval.",""
"src/data/biology-y11-m1-l10-active-and-bulk-transport.json","Active & Bulk Transport","shared-core candidate","Year 11 Cells as the basis of life","Topic comparison against the old focus-area paragraph range and direct new content IDs. Full script and practical coverage still need approval.",""
"src/data/biology-y11-m1-l11-exchange-and-concentration-gradients.json","Exchange & Concentration Gradients","shared-core candidate","Year 11 Cells as the basis of life","Topic comparison against the old focus-area paragraph range and direct new content IDs. Full script and practical coverage still need approval.",""
"src/data/biology-y11-m1-l12-raw-materials-of-the-cell.json","Raw Materials of the Cell","shared-core candidate","Year 11 Cells as the basis of life","Topic comparison against the old focus-area paragraph range and direct new content IDs. Full script and practical coverage still need approval.",""
"src/data/biology-y11-m1-l13-cellular-respiration.json","Cellular Respiration","shared-core candidate","Year 11 Cells as the basis of life","Topic comparison against the old focus-area paragraph range and direct new content IDs. Full script and practical coverage still need approval.",""
"src/data/biology-y11-m1-l14-photosynthesis.json","Photosynthesis","shared-core candidate","Year 11 Cells as the basis of life","Topic comparison against the old focus-area paragraph range and direct new content IDs. Full script and practical coverage still need approval.",""
"src/data/biology-y11-m1-l15-enzymes-biological-catalysts.json","Enzymes: Biological Catalysts","shared-core candidate","Year 11 Cells as the basis of life","Topic comparison against the old focus-area paragraph range and direct new content IDs. Full script and practical coverage still need approval.",""
"src/data/biology-y11-m1-l16-enzyme-models.json","Enzyme Models","scope review","Year 11 Cells as the basis of life","Shared science has more explicit scope or a changed required context. Review additions rather than rebuilding the whole lesson.",""
"src/data/biology-y11-m1-l17-enzyme-activity-practical.json","What Affects Enzyme Activity","shared-core candidate","Year 11 Cells as the basis of life","Topic comparison against the old focus-area paragraph range and direct new content IDs. Full script and practical coverage still need approval.",""
"src/data/biology-y11-m1-l18-reading-enzyme-graphs.json","Reading Enzyme Graphs","shared-core candidate","Year 11 Cells as the basis of life","Topic comparison against the old focus-area paragraph range and direct new content IDs. Full script and practical coverage still need approval.",""
"src/data/biology-y11-m1-l19-dna-double-helix.json","The DNA Double Helix","moved core","Year 11 Cells as the basis of life","Core concept moves from 2017 Year 12 into 2025 Year 11. Check the added named mechanisms and depth before reusing scenes.",""
"src/data/biology-y11-m1-l20-dna-replication.json","DNA Replication","moved core","Year 11 Cells as the basis of life","Core concept moves from 2017 Year 12 into 2025 Year 11. Check the added named mechanisms and depth before reusing scenes.",""
"src/data/biology-y11-m1-l21-dna-prokaryotes-eukaryotes.json","DNA in Prokaryotes vs Eukaryotes","moved core","Year 11 Cells as the basis of life","Core concept moves from 2017 Year 12 into 2025 Year 11. Check the added named mechanisms and depth before reusing scenes.",""
"src/data/biology-y11-m1-l22-somatic-gametic-cells.json","Somatic vs Gametic Cells","moved core","Year 11 Cells as the basis of life","Core concept moves from 2017 Year 12 into 2025 Year 11. Check the added named mechanisms and depth before reusing scenes.",""
"src/data/biology-y11-m1-l23-cell-cycle-mitosis.json","The Cell Cycle and Mitosis","moved core","Year 11 Cells as the basis of life","Core concept moves from 2017 Year 12 into 2025 Year 11. Check the added named mechanisms and depth before reusing scenes.",""
"src/data/biology-y11-m1-l24-meiosis.json","Meiosis","moved core","Year 11 Cells as the basis of life","Core concept moves from 2017 Year 12 into 2025 Year 11. Check the added named mechanisms and depth before reusing scenes.",""
"src/data/biology-y11-m1-l25-why-cell-division-matters.json","Why Cell Division Matters","moved core","Year 11 Cells as the basis of life","Core concept moves from 2017 Year 12 into 2025 Year 11. Check the added named mechanisms and depth before reusing scenes.",""
"src/data/biology-y11-m2-l01-levels-of-cellular-organisation.json","Levels of Cellular Organisation","shared-core candidate","Year 11 Cells to systems","Topic comparison against the old focus-area paragraph range and direct new content IDs. Full script and practical coverage still need approval.","missing outcome metadata"
"src/data/biology-y11-m2-l02-surface-area-to-volume-ratio.json","Surface-Area-to-Volume Ratio","shared-core candidate","Year 11 Cells to systems","Topic comparison against the old focus-area paragraph range and direct new content IDs. Full script and practical coverage still need approval.","missing outcome metadata"
"src/data/biology-y11-m2-l03-from-organelles-to-systems.json","From Organelles to Systems","shared-core candidate","Year 11 Cells to systems","Topic comparison against the old focus-area paragraph range and direct new content IDs. Full script and practical coverage still need approval.","missing outcome metadata"
"src/data/biology-y11-m2-l04-plant-requirements.json","Plant Requirements","shared-core candidate","Year 11 Cells to systems","Topic comparison against the old focus-area paragraph range and direct new content IDs. Full script and practical coverage still need approval.","missing outcome metadata"
"src/data/biology-y11-m2-l05-conditions-for-photosynthesis.json","Conditions for Photosynthesis","shared-core candidate","Year 11 Cells to systems","Topic comparison against the old focus-area paragraph range and direct new content IDs. Full script and practical coverage still need approval.","missing outcome metadata"
"src/data/biology-y11-m2-l06-changing-conditions-on-photosynthesis.json","Changing Conditions on Photosynthesis","shared-core candidate","Year 11 Cells to systems","Topic comparison against the old focus-area paragraph range and direct new content IDs. Full script and practical coverage still need approval.","missing outcome metadata"
"src/data/biology-y11-m2-l07-xylem-and-phloem.json","Xylem & Phloem","shared-core candidate","Year 11 Cells to systems","Topic comparison against the old focus-area paragraph range and direct new content IDs. Full script and practical coverage still need approval.","missing outcome metadata"
"src/data/biology-y11-m2-l08-translocation-in-phloem.json","Translocation in Phloem","shared-core candidate","Year 11 Cells to systems","Topic comparison against the old focus-area paragraph range and direct new content IDs. Full script and practical coverage still need approval.","missing outcome metadata"
"src/data/biology-y11-m2-l09-cohesion-tension-in-xylem.json","Cohesion-Tension in Xylem","shared-core candidate","Year 11 Cells to systems","Topic comparison against the old focus-area paragraph range and direct new content IDs. Full script and practical coverage still need approval.","missing outcome metadata"
"src/data/biology-y11-m2-l10-factors-affecting-transpiration.json","Factors Affecting Transpiration","shared-core candidate","Year 11 Cells to systems","Topic comparison against the old focus-area paragraph range and direct new content IDs. Full script and practical coverage still need approval.","missing outcome metadata"
"src/data/biology-y11-m2-l11-measuring-transpiration-rate.json","Measuring Transpiration Rate","shared-core candidate","Year 11 Cells to systems","Topic comparison against the old focus-area paragraph range and direct new content IDs. Full script and practical coverage still need approval.","missing outcome metadata"
"src/data/biology-y11-m2-l12-inside-leaf-stem-and-root.json","Inside Leaf, Stem & Root","shared-core candidate","Year 11 Cells to systems","Topic comparison against the old focus-area paragraph range and direct new content IDs. Full script and practical coverage still need approval.","missing outcome metadata"
"src/data/biology-y11-m2-l13-animal-organ-systems.json","Animal Organ Systems","shared-core candidate","Year 11 Cells to systems","Topic comparison against the old focus-area paragraph range and direct new content IDs. Full script and practical coverage still need approval.",""
"src/data/biology-y11-m2-l14-human-digestion.json","Human Digestion","shared-core candidate","Year 11 Cells to systems","Topic comparison against the old focus-area paragraph range and direct new content IDs. Full script and practical coverage still need approval.",""
"src/data/biology-y11-m2-l15-blood-through-the-organs.json","Blood Through the Organs","shared-core candidate","Year 11 Cells to systems","Topic comparison against the old focus-area paragraph range and direct new content IDs. Full script and practical coverage still need approval.",""
"src/data/biology-y11-m2-l16-arteries-capillaries-veins.json","Arteries, Capillaries & Veins","shared-core candidate","Year 11 Cells to systems","Topic comparison against the old focus-area paragraph range and direct new content IDs. Full script and practical coverage still need approval.",""
"src/data/biology-y11-m2-l17-whats-in-blood.json","What's in Blood?","shared-core candidate","Year 11 Cells to systems","Topic comparison against the old focus-area paragraph range and direct new content IDs. Full script and practical coverage still need approval.",""
"src/data/biology-y11-m2-l18-gas-exchange-in-the-lungs.json","Gas Exchange in the Lungs","shared-core candidate","Year 11 Cells to systems","Topic comparison against the old focus-area paragraph range and direct new content IDs. Full script and practical coverage still need approval.",""
"src/data/biology-y11-m2-l19-the-nephron.json","The Nephron","moved core","Year 11 Cells to systems","Core concept moves from 2017 Year 12 into 2025 Year 11. Check the added named mechanisms and depth before reusing scenes.",""
"src/data/biology-y11-m2-l20-renal-dialysis.json","Renal Dialysis","moved core","Year 11 Cells to systems","Core concept moves from 2017 Year 12 into 2025 Year 11. Check the added named mechanisms and depth before reusing scenes.",""
"src/data/biology-y11-m2-l21-feedback-systems.json","Feedback Systems","moved core","Year 11 Cells to systems","Core concept moves from 2017 Year 12 into 2025 Year 11. Check the added named mechanisms and depth before reusing scenes.",""
"src/data/biology-y11-m2-l22-negative-feedback-and-homeostasis.json","Negative Feedback & Homeostasis","moved core","Year 11 Cells to systems","Core concept moves from 2017 Year 12 into 2025 Year 11. Check the added named mechanisms and depth before reusing scenes.",""
"src/data/biology-y11-m2-l23-hypothalamus-pituitary-hormones.json","Hypothalamus, Pituitary & Hormones","moved core","Year 11 Cells to systems","Core concept moves from 2017 Year 12 into 2025 Year 11. Check the added named mechanisms and depth before reusing scenes.",""
"src/data/biology-y11-m2-l24-blood-sugar-stress-diabetes.json","Blood Sugar, Stress & Diabetes","moved core","Year 11 Cells to systems","Core concept moves from 2017 Year 12 into 2025 Year 11. Check the added named mechanisms and depth before reusing scenes.","copy punctuation review before speech"
"src/data/biology-y11-m2-l25-optimal-range-tolerance-limits.json","Optimal Range & Tolerance Limits","scope review","Year 11 Cells to systems","Shared science has more explicit scope or a changed required context. Review additions rather than rebuilding the whole lesson.",""
"src/data/biology-y11-m3-l01-natural-selection.json","Natural Selection","shared-core candidate","Year 11 Evolution and ecosystems","Topic comparison against the old focus-area paragraph range and direct new content IDs. Full script and practical coverage still need approval.","copy punctuation review before speech"
"src/data/biology-y11-m3-l02-selective-pressures.json","Selective Pressures","shared-core candidate","Year 11 Evolution and ecosystems","Topic comparison against the old focus-area paragraph range and direct new content IDs. Full script and practical coverage still need approval.","copy punctuation review before speech"
"src/data/biology-y11-m3-l03-human-induced-pressures.json","Human-Induced Selective Pressures","shared-core candidate","Year 11 Evolution and ecosystems","Topic comparison against the old focus-area paragraph range and direct new content IDs. Full script and practical coverage still need approval.",""
"src/data/biology-y11-m3-l04-evolution-species-diversity.json","Evolution and Species Diversity","shared-core candidate","Year 11 Evolution and ecosystems","Topic comparison against the old focus-area paragraph range and direct new content IDs. Full script and practical coverage still need approval.",""
"src/data/biology-y11-m3-l05-megafauna-aboriginal-evidence.json","Australian Megafauna: Aboriginal Evidence","scope review","Year 11 Evolution and ecosystems","Shared science has more explicit scope or a changed required context. Review additions rather than rebuilding the whole lesson.",""
"src/data/biology-y11-m3-l06-monotremes-marsupials.json","Monotremes and Marsupials","shared-core candidate","Year 11 Evolution and ecosystems","Topic comparison against the old focus-area paragraph range and direct new content IDs. Full script and practical coverage still need approval.","copy punctuation review before speech"
"src/data/biology-y11-m3-l07-modelling-natural-selection.json","Modelling Natural Selection","shared-core candidate","Year 11 Evolution and ecosystems","Topic comparison against the old focus-area paragraph range and direct new content IDs. Full script and practical coverage still need approval.",""
"src/data/biology-y11-m3-l08-convergent-divergent-evolution.json","Convergent and Divergent Evolution","shared-core candidate","Year 11 Evolution and ecosystems","Topic comparison against the old focus-area paragraph range and direct new content IDs. Full script and practical coverage still need approval.",""
"src/data/biology-y11-m3-l09-adaptations.json","Structural, Physiological and Behavioural Adaptations","shared-core candidate","Year 11 Evolution and ecosystems","Topic comparison against the old focus-area paragraph range and direct new content IDs. Full script and practical coverage still need approval.",""
"src/data/biology-y11-m3-l10-water-balance-plants.json","Water Balance in Plants (Practical)","shared-core candidate","Year 11 Evolution and ecosystems","Topic comparison against the old focus-area paragraph range and direct new content IDs. Full script and practical coverage still need approval.",""
"src/data/biology-y11-m3-l11-ectotherms-endotherms.json","Ectotherms and Endotherms","shared-core candidate","Year 11 Evolution and ecosystems","Topic comparison against the old focus-area paragraph range and direct new content IDs. Full script and practical coverage still need approval.",""
"src/data/biology-y11-m3-l12-water-salt-balance-aquatic.json","Water and Salt Balance in Aquatic Animals","shared-core candidate","Year 11 Evolution and ecosystems","Topic comparison against the old focus-area paragraph range and direct new content IDs. Full script and practical coverage still need approval.",""
"src/data/biology-y11-m3-l13-first-nations-use-of-adaptations.json","First Nations Use of Plant & Animal Adaptations","scope review","Year 11 Evolution and ecosystems","Shared science has more explicit scope or a changed required context. Review additions rather than rebuilding the whole lesson.","copy punctuation review before speech"
"src/data/biology-y11-m3-l14-gradualism-punctuated-equilibrium.json","Gradualism vs Punctuated Equilibrium","scope review","Year 11 Evolution and ecosystems","Shared science has more explicit scope or a changed required context. Review additions rather than rebuilding the whole lesson.",""
"src/data/biology-y11-m3-l15-antibiotic-ddt-resistance.json","Antibiotic & DDT Resistance","shared-core candidate","Year 11 Evolution and ecosystems","Topic comparison against the old focus-area paragraph range and direct new content IDs. Full script and practical coverage still need approval.",""
"src/data/biology-y11-m3-l16-evidence-from-fossils.json","Evidence from Fossils","shared-core candidate","Year 11 Evolution and ecosystems","Topic comparison against the old focus-area paragraph range and direct new content IDs. Full script and practical coverage still need approval.",""
"src/data/biology-y11-m3-l17-relationships-from-sequences.json","Inferring Evolutionary Relationships from Sequences","shared-core candidate","Year 11 Evolution and ecosystems","Topic comparison against the old focus-area paragraph range and direct new content IDs. Full script and practical coverage still need approval.",""
"src/data/biology-y11-m3-l18-weighing-evidence-for-evolution.json","Weighing the Evidence for Evolution","shared-core candidate","Year 11 Evolution and ecosystems","Topic comparison against the old focus-area paragraph range and direct new content IDs. Full script and practical coverage still need approval.",""
"src/data/biology-y11-m3-l19-features-of-an-ecosystem.json","Features of an Ecosystem (Practical)","shared-core candidate","Year 11 Evolution and ecosystems","Topic comparison against the old focus-area paragraph range and direct new content IDs. Full script and practical coverage still need approval.",""
"src/data/biology-y11-m3-l20-comparing-ecosystems.json","Comparing Ecosystems","shared-core candidate","Year 11 Evolution and ecosystems","Topic comparison against the old focus-area paragraph range and direct new content IDs. Full script and practical coverage still need approval.",""
"src/data/biology-y11-m3-l21-what-shapes-a-community.json","What Shapes a Community","shared-core candidate","Year 11 Evolution and ecosystems","Topic comparison against the old focus-area paragraph range and direct new content IDs. Full script and practical coverage still need approval.",""
"src/data/biology-y11-m3-l22-quadrats-and-transects.json","Sampling Techniques: Quadrats & Transects (Practical)","shared-core candidate","Year 11 Evolution and ecosystems","Topic comparison against the old focus-area paragraph range and direct new content IDs. Full script and practical coverage still need approval.",""
"src/data/biology-y11-m3-l23-mark-release-recapture.json","Mark-Release-Recapture (Practical)","shared-core candidate","Year 11 Evolution and ecosystems","Topic comparison against the old focus-area paragraph range and direct new content IDs. Full script and practical coverage still need approval.",""
"src/data/biology-y11-m3-l24-relationships-between-organisms.json","Relationships Between Organisms","shared-core candidate","Year 11 Evolution and ecosystems","Topic comparison against the old focus-area paragraph range and direct new content IDs. Full script and practical coverage still need approval.",""
"src/data/biology-y11-m3-l25-carrying-capacity-data-validity.json","Carrying Capacity & Data Validity","shared-core candidate","Year 11 Evolution and ecosystems","Topic comparison against the old focus-area paragraph range and direct new content IDs. Full script and practical coverage still need approval.",""
"src/data/biology-y12-m5-l1-reproduction-continuity.json","Reproduction and Continuity of Species","shared-core candidate","Y12 Biodiversity › Genetic diversity (asexual vs sexual, continuity in changing environments)","September title/scope crosswalk carried forward as a provisional candidate. Current scene equivalence has not been approved.",""
"src/data/biology-y12-m5-l10-transcription-dna-to-mrna.json","Transcription . From DNA to mRNA","shared-core candidate","Y12 Heredity › Polypeptide synthesis (template/coding strand, RNA polymerase, alternative splicing)","September title/scope crosswalk carried forward as a provisional candidate. Current scene equivalence has not been approved.","copy punctuation review before speech"
"src/data/biology-y12-m5-l11-translation.json","Translation . From mRNA to Polypeptide","shared-core candidate","Y12 Heredity › Polypeptide synthesis","September title/scope crosswalk carried forward as a provisional candidate. Current scene equivalence has not been approved.","copy punctuation review before speech"
"src/data/biology-y12-m5-l12-proteins-phenotype.json","Proteins, Phenotype and Gene-Environment Interaction","shared-core candidate","Y12 Heredity › Polypeptide synthesis (protein function; DNA → phenotype; environment and phenotype)","September title/scope crosswalk carried forward as a provisional candidate. Current scene equivalence has not been approved.",""
"src/data/biology-y12-m5-l13-sources-genetic-variation.json","Sources of Genetic Variation","shared-core candidate","Y12 Heredity › Inheritance patterns (meiosis + fertilisation creating variation) and Genetic variants","September title/scope crosswalk carried forward as a provisional candidate. Current scene equivalence has not been approved.","copy punctuation review before speech"
"src/data/biology-y12-m5-l14-mendelian-patterns.json","Mendelian Patterns","shared-core candidate","Y12 Heredity › Inheritance patterns (Punnett, sex-linked, pedigrees)","September title/scope crosswalk carried forward as a provisional candidate. Current scene equivalence has not been approved.",""
"src/data/biology-y12-m5-l15-non-mendelian-patterns.json","Non-Mendelian Patterns","shared-core candidate","Y12 Heredity › Inheritance patterns (codominance, incomplete dominance, multiple alleles)","September title/scope crosswalk carried forward as a provisional candidate. Current scene equivalence has not been approved.","copy punctuation review before speech"
"src/data/biology-y12-m5-l16-frequency-data-snp-analysis.json","Frequency Data and SNP Analysis","scope review","Y12 Heredity › Genetic variants (SNPs in populations + association with a genetic disease; limits of SNP testing)","September title/scope crosswalk carried forward as a provisional candidate. Current scene equivalence has not been approved.",""
"src/data/biology-y12-m5-l17-dna-sequencing-profiling.json","DNA Sequencing and DNA Profiling","scope review","Y12 Biotechnology (biotechnologies to diagnose genetic disease; bioinformatics)","September title/scope crosswalk carried forward as a provisional candidate. Current scene equivalence has not been approved.",""
"src/data/biology-y12-m5-l18-large-scale-population-genetics.json","Large-Scale Population Genetics Data","scope review","Y12 Biotechnology (genetic databases e.g. GenBank for prevalence; data and modelling) + Biodiversity (bottlenecks)","September title/scope crosswalk carried forward as a provisional candidate. Current scene equivalence has not been approved.",""
"src/data/biology-y12-m5-l19-predicting-population-genetic-patterns.json","Predicting Population Genetic Patterns","scope review","Y12 Heredity (SNP limits) / Biotechnology (personalised risk information for a non-infectious disease)","September title/scope crosswalk carried forward as a provisional candidate. Current scene equivalence has not been approved.",""
"src/data/biology-y12-m5-l2-reproduction-in-animals.json","Reproduction in Animals","shared-core candidate","Y12 Biodiversity › Genetic diversity (""compare external and internal fertilisation methods for creating variation"")","September title/scope crosswalk carried forward as a provisional candidate. Current scene equivalence has not been approved.",""
"src/data/biology-y12-m5-l3-reproduction-plants-fungi-bacteria-protists.json","Reproduction in Plants, Fungi, Bacteria and Protists","shared-core candidate","Y12 Biodiversity › Genetic diversity (plant sexual/asexual; budding, spores, parthenogenesis, binary fission)","September title/scope crosswalk carried forward as a provisional candidate. Current scene equivalence has not been approved.",""
"src/data/biology-y12-m5-l4-mammalian-reproduction.json","Mammalian Reproduction","legacy priority","Not in new syllabus (no fertilisation/implantation/pregnancy/hormones point)","September title/scope crosswalk carried forward as a provisional candidate. Current scene equivalence has not been approved.",""
"src/data/biology-y12-m5-l5-manipulating-reproduction-agriculture.json","Manipulating Reproduction in Agriculture","scope review","Y12 Biotechnology (artificial pollination; ""germline changes in reproductive and genetic engineering biotechnologies"") + Biodiversity (monoculture)","September title/scope crosswalk carried forward as a provisional candidate. Current scene equivalence has not been approved.",""
"src/data/biology-y12-m5-l6-dna-structure-replication.json","DNA Structure and DNA Replication","scope review","→Y11 Cells as the basis of life › Cell division","September title/scope crosswalk carried forward as a provisional candidate. Current scene equivalence has not been approved.",""
"src/data/biology-y12-m5-l7-mitosis.json","Mitosis and the Cell Cycle","scope review","→Y11 Cells as the basis of life › Cell division","September title/scope crosswalk carried forward as a provisional candidate. Current scene equivalence has not been approved.",""
"src/data/biology-y12-m5-l8-meiosis.json","Meiosis . Reduction Division and Variation","shared-core candidate","→Y11 Cells as the basis of life (phases, crossing over, independent assortment, random segregation). Also Y12 Heredity › Inheritance patterns","September title/scope crosswalk carried forward as a provisional candidate. Current scene equivalence has not been approved.","copy punctuation review before speech"
"src/data/biology-y12-m5-l9-dna-prokaryotes-eukaryotes.json","DNA in Prokaryotes and Eukaryotes","shared-core candidate","→Y11 Cells as the basis of life (""compare the forms in which DNA exists in prokaryotic and eukaryotic cells"")","September title/scope crosswalk carried forward as a provisional candidate. Current scene equivalence has not been approved.",""
"src/data/biology-y12-m6-l1-mutation-alleles-genetic-change.json","Mutation, Alleles and Genetic Change","shared-core candidate","Y12 Heredity › Genetic variants","September title/scope crosswalk carried forward as a provisional candidate. Current scene equivalence has not been approved.",""
"src/data/biology-y12-m6-l10-future-directions-benefits.json","Future Directions and Benefits","scope review","Y12 Biotechnology › Biotech in human diseases (""outline 2 selected gene therapies""; future applications for a non-infectious disease)","September title/scope crosswalk carried forward as a provisional candidate. Current scene equivalence has not been approved.",""
"src/data/biology-y12-m6-l11-biodiversity-change-genetic-techniques.json","Biodiversity Change Caused by Genetic Techniques","scope review","Y12 Biodiversity (3 levels of diversity; monoculture) + Biotechnology (GMO release into wild)","September title/scope crosswalk carried forward as a provisional candidate. Current scene equivalence has not been approved.",""
"src/data/biology-y12-m6-l12-biotechnology-synthesis-evaluation.json","Evaluating Biotechnology: Mosquito-borne Disease","scope review","Y12 Biotechnology (""evaluate biotechnologies on the prevalence of mosquito-borne diseases""; GMO release)","September title/scope crosswalk carried forward as a provisional candidate. Current scene equivalence has not been approved.",""
"src/data/biology-y12-m6-l13-current-genetic-technologies.json","Germline Change: Reproductive and Genetic Engineering Technologies","scope review","Y12 Biotechnology (""compare germline genetic changes in reproductive and genetic engineering biotechnologies"")","September title/scope crosswalk carried forward as a provisional candidate. Current scene equivalence has not been approved.",""
"src/data/biology-y12-m6-l14-reproductive-technologies-ai-ap.json","Artificial Pollination and Artificial Insemination","scope review","Y12 Biotechnology › Agriculture and biodiversity (""artificial pollination in Australian agriculture"")","September title/scope crosswalk carried forward as a provisional candidate. Current scene equivalence has not been approved.",""
"src/data/biology-y12-m6-l15-cloning-whole-organism-gene.json","Cloning . Whole-Organism and Gene Cloning","legacy priority","Not in new syllabus (no cloning point; gene cloning only implied in rDNA insulin)","September title/scope crosswalk carried forward as a provisional candidate. Current scene equivalence has not been approved.","copy punctuation review before speech"
"src/data/biology-y12-m6-l16-recombinant-dna-transgenic-organisms.json","Recombinant DNA Technology and Transgenic Organisms","shared-core candidate","Y12 Biotechnology (""model recombinant DNA technology to produce human insulin""; ""compare transgenic organisms and GMOs"")","September title/scope crosswalk carried forward as a provisional candidate. Current scene equivalence has not been approved.",""
"src/data/biology-y12-m6-l17-benefits-genetic-technologies.json","Benefits of Genetic Technologies: Agriculture, Medicine and Conservation","scope review","Y12 Biotechnology (medicine/agriculture/conservation; industrial is gone)","September title/scope crosswalk carried forward as a provisional candidate. Current scene equivalence has not been approved.",""
"src/data/biology-y12-m6-l18-long-term-population-change.json","Long-Term Population Change","shared-core candidate","Y12 Biotechnology (""assess the influence of social, economic and cultural contexts on the use of a biotechnology in agriculture"". Near-verbatim)","September title/scope crosswalk carried forward as a provisional candidate. Current scene equivalence has not been approved.",""
"src/data/biology-y12-m6-l19-variation-allele-frequency.json","Variation and Allele Frequency","shared-core candidate","Y12 Biodiversity › Genetic diversity (allele frequency, drift, gene flow, selection)","September title/scope crosswalk carried forward as a provisional candidate. Current scene equivalence has not been approved.",""
"src/data/biology-y12-m6-l2-mutagens.json","Mutagens","shared-core candidate","Y12 Heredity › Genetic variants (EMR, chemicals, naturally occurring. Near-verbatim)","September title/scope crosswalk carried forward as a provisional candidate. Current scene equivalence has not been approved.","copy punctuation review before speech"
"src/data/biology-y12-m6-l3-point-mutation.json","Point Mutation","shared-core candidate","Y12 Heredity › Genetic variants (substitution/insertion/deletion; silent/missense/nonsense/frameshift)","September title/scope crosswalk carried forward as a provisional candidate. Current scene equivalence has not been approved.","copy punctuation review before speech"
"src/data/biology-y12-m6-l4-chromosomal-mutation.json","Chromosomal Mutation","shared-core candidate","Y12 Heredity › Genetic variants (dup/del/inv/trans; karyotypes and non-disjunction)","September title/scope crosswalk carried forward as a provisional candidate. Current scene equivalence has not been approved.","copy punctuation review before speech"
"src/data/biology-y12-m6-l5-somatic-germline-coding-noncoding.json","Somatic vs Germ-Line; Coding vs Non-Coding","shared-core candidate","Y12 Heredity › Genetic variants (somatic/germline in tumours, disease, diversity; coding mutations and protein function)","September title/scope crosswalk carried forward as a provisional candidate. Current scene equivalence has not been approved.",""
"src/data/biology-y12-m6-l6-causes-of-genetic-variation.json","Causes of Genetic Variation","shared-core candidate","Y12 Heredity › Inheritance patterns","September title/scope crosswalk carried forward as a provisional candidate. Current scene equivalence has not been approved.",""
"src/data/biology-y12-m6-l7-gene-pools.json","Gene Pools","shared-core candidate","Y12 Biodiversity › Genetic diversity (gene pool size, drift, gene flow, founder/bottleneck)","September title/scope crosswalk carried forward as a provisional candidate. Current scene equivalence has not been approved.","copy punctuation review before speech"
"src/data/biology-y12-m6-l8-biotechnology-definitions.json","Biotechnology","scope review","Y12 Biotechnology › Modern biotechnologies","September title/scope crosswalk carried forward as a provisional candidate. Current scene equivalence has not been approved.",""
"src/data/biology-y12-m6-l9-ethics-social-implications.json","Ethics and Social Implications","scope review","Y12 Biotechnology (ethical/legal implications of gene therapy; GM plant for nutritional deficiency)","September title/scope crosswalk carried forward as a provisional candidate. Current scene equivalence has not been approved.",""
"src/data/biology-y12-m7-l1-what-is-infectious-disease.json","What Is Infectious Disease?","shared-core candidate","Y12 Diseases › Infectious diseases","September title/scope crosswalk carried forward as a provisional candidate. Current scene equivalence has not been approved.",""
"src/data/biology-y12-m7-l10-innate-immune-system.json","The Innate Immune System","shared-core candidate","Y12 Diseases (innate vs adaptive; phagocytes, antimicrobial proteins)","September title/scope crosswalk carried forward as a provisional candidate. Current scene equivalence has not been approved.",""
"src/data/biology-y12-m7-l11-adaptive-immunity-antigens-antibodies.json","Adaptive Immunity . Antigens and Antibodies","shared-core candidate","Y12 Diseases (humoral: plasma cells, memory B cells, antibodies)","September title/scope crosswalk carried forward as a provisional candidate. Current scene equivalence has not been approved.","copy punctuation review before speech"
"src/data/biology-y12-m7-l12-t-cells-cell-mediated-immunity.json","T Cells and Cell-Mediated Immunity","scope review","Y12 Diseases (helper, cytotoxic, memory, suppressor T cells; interleukins)","September title/scope crosswalk carried forward as a provisional candidate. Current scene equivalence has not been approved.",""
"src/data/biology-y12-m7-l13-primary-secondary-immune-response.json","Primary and Secondary Immune Response","shared-core candidate","Y12 Diseases","September title/scope crosswalk carried forward as a provisional candidate. Current scene equivalence has not been approved.",""
"src/data/biology-y12-m7-l14-vaccination-active-passive-immunity.json","Vaccination . Active and Passive Immunity","shared-core candidate","Y12 Diseases (passive vs active; data on vaccination)","September title/scope crosswalk carried forward as a provisional candidate. Current scene equivalence has not been approved.","copy punctuation review before speech"
"src/data/biology-y12-m7-l15-hygiene-quarantine-public-health.json","Hygiene, Quarantine and Public Health","shared-core candidate","Y12 Diseases (""procedures to limit transmission of infectious diseases in humans"")","September title/scope crosswalk carried forward as a provisional candidate. Current scene equivalence has not been approved.",""
"src/data/biology-y12-m7-l16-antibiotics-and-antivirals.json","Antibiotics and Antivirals","shared-core candidate","Y12 Diseases (""compare pharmaceutical treatments for viral and bacterial diseases"")","September title/scope crosswalk carried forward as a provisional candidate. Current scene equivalence has not been approved.",""
"src/data/biology-y12-m7-l17-pesticides-and-genetic-engineering.json","Pesticides and Genetic Engineering","scope review","Y12 Biotechnology (mosquito-borne diseases) + Y11 Evolution and ecosystems (DDT-resistant mosquitoes)","September title/scope crosswalk carried forward as a provisional candidate. Current scene equivalence has not been approved.",""
"src/data/biology-y12-m7-l18-malaria-and-dengue-global-case-study.json","Malaria and Dengue: Biotechnology Against Mosquito-borne Disease","scope review","Y12 Biotechnology (""biotechnologies on the prevalence of mosquito-borne diseases"")","September title/scope crosswalk carried forward as a provisional candidate. Current scene equivalence has not been approved.",""
"src/data/biology-y12-m7-l19-historical-cultural-disease-control.json","Historical and Cultural Disease Control","legacy priority","Not in new syllabus","September title/scope crosswalk carried forward as a provisional candidate. Current scene equivalence has not been approved.",""
"src/data/biology-y12-m7-l2-classifying-pathogens.json","Classifying Pathogens","shared-core candidate","Y12 Diseases (macro/micro/non-cellular; adaptive features of prions, viruses, bacteria, protozoa, fungi, macroparasites)","September title/scope crosswalk carried forward as a provisional candidate. Current scene equivalence has not been approved.",""
"src/data/biology-y12-m7-l20-indigenous-protocols-bush-medicine.json","Bush Medicine: Tea Tree Oil and Indigenous Knowledge","scope review","Y12 Diseases (""use of an Aboriginal bush medicine in treating disease: tea tree oil, Kakadu plum or emu bush"")","September title/scope crosswalk carried forward as a provisional candidate. Current scene equivalence has not been approved.",""
"src/data/biology-y12-m7-l21-environmental-management-pandemic-control.json","Controlling Epidemics: Environmental Management and Quarantine","scope review","Y12 Diseases › Epidemiological studies (surveillance; error/bias during a pandemic) + Biodiversity (epidemic control in plants/animals)","September title/scope crosswalk carried forward as a provisional candidate. Current scene equivalence has not been approved.",""
"src/data/biology-y12-m7-l3-koch-pasteur-germ-theory.json","Koch and Pasteur . Germ Theory","legacy priority","Not in new syllabus","September title/scope crosswalk carried forward as a provisional candidate. Current scene equivalence has not been approved.","copy punctuation review before speech"
"src/data/biology-y12-m7-l4-modes-of-transmission.json","Modes of Transmission","shared-core candidate","Y12 Diseases (direct, indirect, vector. Verbatim)","September title/scope crosswalk carried forward as a provisional candidate. Current scene equivalence has not been approved.",""
"src/data/biology-y12-m7-l5-microbial-testing.json","Microbial Testing","scope review","Y12 Diseases (lab: ""effect of antimicrobial treatment on growth of microorganisms in food or water""; E. coli temperature viability)","September title/scope crosswalk carried forward as a provisional candidate. Current scene equivalence has not been approved.",""
"src/data/biology-y12-m7-l6-disease-in-agriculture-plants.json","Infectious Disease in Plants","scope review","Y12 Biodiversity › Genetic diversity (""effects of infectious diseases on plants""; Panama disease on bananas)","September title/scope crosswalk carried forward as a provisional candidate. Current scene equivalence has not been approved.",""
"src/data/biology-y12-m7-l7-disease-in-agriculture-animals.json","Animal Disease and Australian Biosecurity","scope review","Y12 Biodiversity › Sustainable ecosystems (Australian procedures limiting disease transmission in animals/plants)","September title/scope crosswalk carried forward as a provisional candidate. Current scene equivalence has not been approved.",""
"src/data/biology-y12-m7-l8-plant-responses-to-pathogens.json","How Plants Respond to Pathogens","shared-core candidate","Y12 Biodiversity (""physical and chemical changes of a plant in response to pathogens"")","September title/scope crosswalk carried forward as a provisional candidate. Current scene equivalence has not been approved.",""
"src/data/biology-y12-m7-l9-physical-chemical-responses-animals.json","Physical and Chemical Responses in Animals","shared-core candidate","Y12 Diseases › innate immunity (barriers, secretions, inflammatory response, fever)","September title/scope crosswalk carried forward as a provisional candidate. Current scene equivalence has not been approved.",""
"src/data/biology-y12-m8-l1-homeostasis-feedback-loops.json","Homeostasis and Feedback Loops","shared-core candidate","→Y11 Cells to systems › Homeostasis in humans","September title/scope crosswalk carried forward as a provisional candidate. Current scene equivalence has not been approved.","copy punctuation review before speech"
"src/data/biology-y12-m8-l10-cancer.json","Cancer","shared-core candidate","Y12 Diseases (non-infectious example) + Heredity (somatic variants and tumour formation)","September title/scope crosswalk carried forward as a provisional candidate. Current scene equivalence has not been approved.",""
"src/data/biology-y12-m8-l11-causes-mastery.json","Causes of Non-infectious Disease: Mastery","scope review","Y12 Diseases › Non-infectious diseases","September title/scope crosswalk carried forward as a provisional candidate. Current scene equivalence has not been approved.",""
"src/data/biology-y12-m8-l12-epidemiology-measures-study-design.json","Epidemiology: Measures and Study Design","scope review","Y12 Diseases › Epidemiological studies (incidence/prevalence/morbidity/mortality; observational/analytical/experimental; RCT, cohort, cross-sectional)","September title/scope crosswalk carried forward as a provisional candidate. Current scene equivalence has not been approved.",""
"src/data/biology-y12-m8-l13a-analysing-epidemiological-data.json","Analysing Epidemiological Data . Pattern Recognition and Risk Factor Quantification, Part A","shared-core candidate","Y12 Diseases › Epidemiological studies (analyse rates; confounding)","September title/scope crosswalk carried forward as a provisional candidate. Current scene equivalence has not been approved.","copy punctuation review before speech"
"src/data/biology-y12-m8-l13b-analysing-epidemiological-data.json","Analysing Epidemiological Data . Pattern Recognition and Risk Factor Quantification, Part B","shared-core candidate","Y12 Diseases (causation vs correlation; confounding/selection error)","September title/scope crosswalk carried forward as a provisional candidate. Current scene equivalence has not been approved.","copy punctuation review before speech"
"src/data/biology-y12-m8-l14-treatment-non-infectious-disease.json","Treating Non-infectious Disease: Immunotherapy for Melanoma","scope review","Y12 Biotechnology (""analyse data to evaluate a biotechnology used for a selected non-infectious disease""; current/future applications)","September title/scope crosswalk carried forward as a provisional candidate. Current scene equivalence has not been approved.",""
"src/data/biology-y12-m8-l15-treatment-management-evaluation.json","Preventing and Managing Non-infectious Disease","scope review","Y12 Diseases (""evaluate the effectiveness of a campaign to prevent a non-infectious disease"")","September title/scope crosswalk carried forward as a provisional candidate. Current scene equivalence has not been approved.",""
"src/data/biology-y12-m8-l16-autoimmune-diseases-allergies.json","Autoimmune Diseases and Allergies","legacy priority","Not in new syllabus (not an explicit 2017 point either)","September title/scope crosswalk carried forward as a provisional candidate. Current scene equivalence has not been approved.",""
"src/data/biology-y12-m8-l17a-genetic-disorders-inheritance.json","Genetic Disorders, Part A","scope review","Y12 Heredity (karyotypes, non-disjunction) + Biotechnology (diagnosing genetic disease: CF, alpha-1 antitrypsin, LCA)","September title/scope crosswalk carried forward as a provisional candidate. Current scene equivalence has not been approved.",""
"src/data/biology-y12-m8-l17b-genetic-disorders-applying.json","Genetic Disorders, Part B","scope review","Y12 Heredity (pedigrees) + Biotechnology (gene therapies; ethics/legal)","September title/scope crosswalk carried forward as a provisional candidate. Current scene equivalence has not been approved.",""
"src/data/biology-y12-m8-l18a-hearing-loss-foundations.json","Hearing Loss and Cochlear Implants, Part A","legacy priority","Not in new syllabus","September title/scope crosswalk carried forward as a provisional candidate. Current scene equivalence has not been approved.",""
"src/data/biology-y12-m8-l18b-cochlear-implants-applying.json","Hearing Loss and Cochlear Implants, Part B","legacy priority","Not in new syllabus","September title/scope crosswalk carried forward as a provisional candidate. Current scene equivalence has not been approved.",""
"src/data/biology-y12-m8-l19a-visual-disorders-eye-and-errors.json","Visual Disorders, Glasses, Contact Lenses and Eye Surgery, Part A","legacy priority","Not in new syllabus (inherited retinal dystrophy/LCA appear only as genetic-diagnosis examples)","September title/scope crosswalk carried forward as a provisional candidate. Current scene equivalence has not been approved.",""
"src/data/biology-y12-m8-l19b-visual-disorders-technologies.json","Visual Disorders, Glasses, Contact Lenses and Eye Surgery, Part B","legacy priority","Not in new syllabus","September title/scope crosswalk carried forward as a provisional candidate. Current scene equivalence has not been approved.",""
"src/data/biology-y12-m8-l2-temperature-regulation.json","Temperature Regulation","shared-core candidate","→Y11 Cells to systems (thermoregulation) + Evolution and ecosystems (endotherms vs ectotherms)","September title/scope crosswalk carried forward as a provisional candidate. Current scene equivalence has not been approved.",""
"src/data/biology-y12-m8-l20-kidney-disorders-dialysis-transplantation.json","The Nephron and Dialysis","scope review","→Y11 Cells to systems (nephron filtration/reabsorption/secretion; ""compare renal dialysis to the function of the kidney"")","September title/scope crosswalk carried forward as a provisional candidate. Current scene equivalence has not been approved.",""
"src/data/biology-y12-m8-l21-module-8-mastery-integration.json","Module 8 Mastery . Integration Across All Inquiry Questions","legacy priority","Integrates the 2017 M8 inquiry questions, most of which are gone or moved to Y11","September title/scope crosswalk carried forward as a provisional candidate. Current scene equivalence has not been approved.","copy punctuation review before speech"
"src/data/biology-y12-m8-l3-glucose-regulation.json","Glucose Regulation","shared-core candidate","→Y11 Cells to systems (glucose hormones; diabetes secondary-source investigation)","September title/scope crosswalk carried forward as a provisional candidate. Current scene equivalence has not been approved.",""
"src/data/biology-y12-m8-l4-water-balance.json","Water Balance: Hypothalamus, Pituitary and ADH","scope review","→Y11 Cells to systems (hypothalamus/pituitary; nephron)","September title/scope crosswalk carried forward as a provisional candidate. Current scene equivalence has not been approved.",""
"src/data/biology-y12-m8-l5-plant-water-balance.json","Plant Water Balance","scope review","→Y11 Cells to systems (transpiration factors, cohesion-tension) + Evolution and ecosystems (Australian plant water adaptations; aquatic salt balance)","September title/scope crosswalk carried forward as a provisional candidate. Current scene equivalence has not been approved.",""
"src/data/biology-y12-m8-l6-causes-noninfectious-disease.json","Causes of Non-infectious Disease","shared-core candidate","Y12 Diseases › Non-infectious diseases (genetics, environment, nutrition)","September title/scope crosswalk carried forward as a provisional candidate. Current scene equivalence has not been approved.","copy punctuation review before speech"
"src/data/biology-y12-m8-l7-genetic-diseases.json","Genetic Diseases","shared-core candidate","Y12 Diseases + Heredity","September title/scope crosswalk carried forward as a provisional candidate. Current scene equivalence has not been approved.",""
"src/data/biology-y12-m8-l8-environmental-diseases.json","Environmental Diseases","shared-core candidate","Y12 Diseases (+ ""causal relationship for a selected environmental disease"")","September title/scope crosswalk carried forward as a provisional candidate. Current scene equivalence has not been approved.",""
"src/data/biology-y12-m8-l9-nutritional-diseases.json","Nutritional Diseases","scope review","Y12 Diseases","September title/scope crosswalk carried forward as a provisional candidate. Current scene equivalence has not been approved.",""
"src/data/chemistry-y11-m1-l1-properties-classification.json","Properties and Classification of Matter","scope review","Y11 Properties and structure of matter › Separation of mixtures (homogeneous vs heterogeneous only). The element/compound classification tree is Stage 5 background, not a content point","September title/scope crosswalk carried forward as a provisional candidate. Current scene equivalence has not been approved.","check visual course framing; copy punctuation review before speech"
"src/data/chemistry-y11-m1-l10-intermolecular-forces.json","Intermolecular Forces and Physical Properties","shared-core candidate","Y11 Properties and structure of matter › Chemical bonding (dispersion, dipole–dipole, hydrogen bonding; ranking bond and force strength)","September title/scope crosswalk carried forward as a provisional candidate. Current scene equivalence has not been approved.","check visual course framing; copy punctuation review before speech"
"src/data/chemistry-y11-m1-l11-polymers-structure-properties.json","Polymers: Structure and Properties","scope review","→Y12 Y12 Organic chemistry (polyester by condensation) + Y12 Applying chemical ideas (PE, PVC, PTFE, PP). There are no polymers in the new Y11","September title/scope crosswalk carried forward as a provisional candidate. Current scene equivalence has not been approved.","check visual course framing"
"src/data/chemistry-y11-m1-l12-solubility-like-dissolves-like.json","Solubility and Like-Dissolves-Like","scope review","→Y12 Y12 Equilibrium › Solution equilibria (dissolution diagrams) + Y12 Organic chemistry (solubility trends). No Y11 home","September title/scope crosswalk carried forward as a provisional candidate. Current scene equivalence has not been approved.","check visual course framing"
"src/data/chemistry-y11-m1-l13-atomic-models-historical.json","Atomic Models: Historical Development","shared-core candidate","Y11 Properties and structure of matter › Atomic structure (distribution of mass and charge; contributions of selected scientists: Curie, Dalton, Goeppert Mayer, Joliot-Curie, Meitner, Rutherford)","September title/scope crosswalk carried forward as a provisional candidate. Current scene equivalence has not been approved.","check visual course framing"
"src/data/chemistry-y11-m1-l14-isotopes-relative-atomic-mass.json","Isotopes and Relative Atomic Mass","shared-core candidate","Y11 Properties and structure of matter › Atomic structure (isotopes; relative atomic mass from isotopic composition)","September title/scope crosswalk carried forward as a provisional candidate. Current scene equivalence has not been approved.","check visual course framing"
"src/data/chemistry-y11-m1-l15-periodic-table-organisation.json","The Periodic Table: Organisation","shared-core candidate","Y11 Properties and structure of matter › Patterns and trends (periods, groups, blocks)","September title/scope crosswalk carried forward as a provisional candidate. Current scene equivalence has not been approved.","check visual course framing"
"src/data/chemistry-y11-m1-l16-electron-configuration-subshells.json","Electron Configuration: Subshell Notation","shared-core candidate","Y11 Properties and structure of matter › Atomic structure (energy levels, sublevels, orbitals; electron configuration ↔ position)","September title/scope crosswalk carried forward as a provisional candidate. Current scene equivalence has not been approved.","check visual course framing"
"src/data/chemistry-y11-m1-l17-periodic-trends-atomic-radius.json","Periodic Trends: Atomic Radius","shared-core candidate","Y11 Properties and structure of matter › Patterns and trends (atomic and ionic radii)","September title/scope crosswalk carried forward as a provisional candidate. Current scene equivalence has not been approved.","check visual course framing"
"src/data/chemistry-y11-m1-l18-electronegativity-reactivity.json","Periodic Trends: Electronegativity and Reactivity","shared-core candidate","Y11 Properties and structure of matter › Patterns and trends (electronegativity, first ionisation energy)","September title/scope crosswalk carried forward as a provisional candidate. Current scene equivalence has not been approved.","check visual course framing"
"src/data/chemistry-y11-m1-l19-electron-configuration-behaviour.json","Electron Configuration and Chemical Behaviour","shared-core candidate","Y11 Properties and structure of matter › Patterns and trends (""effective charge of an ion from the electron configuration""; predicting ions)","September title/scope crosswalk carried forward as a provisional candidate. Current scene equivalence has not been approved.","check visual course framing"
"src/data/chemistry-y11-m1-l2-properties-elements-compounds-mixtures.json","Properties of Elements, Compounds and Mixtures","scope review","Y11 Properties and structure of matter › Separation of mixtures (""physical characteristics of the components"")","September title/scope crosswalk carried forward as a provisional candidate. Current scene equivalence has not been approved.","check visual course framing; copy punctuation review before speech"
"src/data/chemistry-y11-m1-l20-module-synthesis-review.json","Module 1 Synthesis and Review","scope review","Y11 Properties and structure of matter (review)","September title/scope crosswalk carried forward as a provisional candidate. Current scene equivalence has not been approved.","check visual course framing"
"src/data/chemistry-y11-m1-l3-separation-physical-methods.json","Separation Techniques . Physical Methods","shared-core candidate","Y11 Properties and structure of matter › Separation of mixtures (filtration, evaporation and crystallisation are NESA examples)","September title/scope crosswalk carried forward as a provisional candidate. Current scene equivalence has not been approved.","check visual course framing; copy punctuation review before speech"
"src/data/chemistry-y11-m1-l4-separation-advanced-methods.json","Separation Techniques . Advanced Methods","scope review","Y11 Properties and structure of matter › Separation of mixtures (fractional distillation, chromatographic techniques)","September title/scope crosswalk carried forward as a provisional candidate. Current scene equivalence has not been approved.","check visual course framing; copy punctuation review before speech"
"src/data/chemistry-y11-m1-l5-iq1-consolidation.json","IQ1 Consolidation . Classification and Separation","shared-core candidate","Y11 Properties and structure of matter › Separation of mixtures (""determine the percentage composition of a mixture by mass"")","September title/scope crosswalk carried forward as a provisional candidate. Current scene equivalence has not been approved.","check visual course framing; copy punctuation review before speech"
"src/data/chemistry-y11-m1-l6-chemical-bonding-overview.json","Chemical Bonding Overview","shared-core candidate","Y11 Properties and structure of matter › Chemical bonding (electronegativity decides ionic or covalent; properties from bonding type; bonding-type practical)","September title/scope crosswalk carried forward as a provisional candidate. Current scene equivalence has not been approved.","check visual course framing; copy punctuation review before speech"
"src/data/chemistry-y11-m1-l7-ionic-bonding-properties.json","Ionic Bonding and Properties","shared-core candidate","Y11 Properties and structure of matter › Chemical bonding (ionic lattices; melting-point trends in group 1 and group 2 chlorides)","September title/scope crosswalk carried forward as a provisional candidate. Current scene equivalence has not been approved.","check visual course framing; copy punctuation review before speech"
"src/data/chemistry-y11-m1-l8-metallic-bonding-properties.json","Metallic Bonding and Properties","shared-core candidate","Y11 Properties and structure of matter › Chemical bonding (metallic bonding, models, mp/bp/conductivity)","September title/scope crosswalk carried forward as a provisional candidate. Current scene equivalence has not been approved.","check visual course framing; copy punctuation review before speech"
"src/data/chemistry-y11-m1-l9-covalent-molecular-network.json","Covalent Compounds: Molecular and Network","shared-core candidate","Y11 Properties and structure of matter › Chemical bonding (covalent molecular vs network; carbon allotropes)","September title/scope crosswalk carried forward as a provisional candidate. Current scene equivalence has not been approved.","check visual course framing; copy punctuation review before speech"
"src/data/chemistry-y11-m2-l1-mole-concept.json","The Mole Concept","scope review","Y11 Quantitative chemistry › Mole concept","September title/scope crosswalk carried forward as a provisional candidate. Current scene equivalence has not been approved.","missing outcome metadata; check visual course framing; copy punctuation review before speech"
"src/data/chemistry-y11-m2-l10-volumetric-analysis-titration.json","Volumetric Analysis and Titration","scope review","→Y12 Y12 Acid–base reactions › Quantitative analysis. Titration is no longer Year 11","September title/scope crosswalk carried forward as a provisional candidate. Current scene equivalence has not been approved.","check visual course framing; copy punctuation review before speech"
"src/data/chemistry-y11-m2-l11-stoichiometry-mole-ratios.json","Stoichiometry: Mole Ratios","shared-core candidate","Y11 Quantitative chemistry › Mole concept (""react in simple whole-number molar ratios"")","September title/scope crosswalk carried forward as a provisional candidate. Current scene equivalence has not been approved.","check visual course framing; copy punctuation review before speech"
"src/data/chemistry-y11-m2-l12-mass-mass-stoichiometry.json","Mass–Mass Stoichiometry","shared-core candidate","Y11 Quantitative chemistry › Mole concept (""real-world problems … reacting masses"")","September title/scope crosswalk carried forward as a provisional candidate. Current scene equivalence has not been approved.","check visual course framing; copy punctuation review before speech"
"src/data/chemistry-y11-m2-l13-limiting-reagents.json","Limiting Reagents and Theoretical Yield","shared-core candidate","Y11 Quantitative chemistry › Mole concept (limiting reagents)","September title/scope crosswalk carried forward as a provisional candidate. Current scene equivalence has not been approved.","check visual course framing"
"src/data/chemistry-y11-m2-l14-percentage-yield-purity.json","Percentage Yield and Purity","scope review","Y11 Quantitative chemistry (percentage yield and purity are not named; ""yield"" appears only in Y12 Equilibrium)","September title/scope crosswalk carried forward as a provisional candidate. Current scene equivalence has not been approved.","check visual course framing"
"src/data/chemistry-y11-m2-l15-gas-stoichiometry.json","Gas Stoichiometry","shared-core candidate","Y11 Quantitative chemistry › Properties of gases (""reacting masses, solutions and gases"")","September title/scope crosswalk carried forward as a provisional candidate. Current scene equivalence has not been approved.","check visual course framing"
"src/data/chemistry-y11-m2-l16-stoichiometry-in-solution.json","Stoichiometry in Solution","shared-core candidate","Y11 Quantitative chemistry › Measures of concentration (""reacting masses and solutions"")","September title/scope crosswalk carried forward as a provisional candidate. Current scene equivalence has not been approved.","check visual course framing"
"src/data/chemistry-y11-m2-l17-back-calculations.json","Back Calculations and Unknown Concentrations","scope review","Y11 Quantitative chemistry + →Y12 Y12 Acid–base reactions (back titrations)","September title/scope crosswalk carried forward as a provisional candidate. Current scene equivalence has not been approved.","check visual course framing; copy punctuation review before speech"
"src/data/chemistry-y11-m2-l18-working-scientifically.json","Working Scientifically","shared-core candidate","Working scientifically (error, validity, reliability, accuracy; % error)","September title/scope crosswalk carried forward as a provisional candidate. Current scene equivalence has not been approved.","check visual course framing; copy punctuation review before speech"
"src/data/chemistry-y11-m2-l19-synthesis-exam-practice.json","Module 2 Synthesis and Exam Practice","shared-core candidate","Y11 Quantitative chemistry (synthesis)","September title/scope crosswalk carried forward as a provisional candidate. Current scene equivalence has not been approved.","check visual course framing"
"src/data/chemistry-y11-m2-l1a-mole-understanding.json","The Mole Concept, Part A","shared-core candidate","Y11 Quantitative chemistry › Mole concept (Avogadro constant)","September title/scope crosswalk carried forward as a provisional candidate. Current scene equivalence has not been approved.","check visual course framing; copy punctuation review before speech"
"src/data/chemistry-y11-m2-l1b-mole-applying.json","The Mole Concept, Part B","shared-core candidate","Y11 Quantitative chemistry › Mole concept","September title/scope crosswalk carried forward as a provisional candidate. Current scene equivalence has not been approved.","check visual course framing; copy punctuation review before speech"
"src/data/chemistry-y11-m2-l2-molar-mass.json","Molar Mass","shared-core candidate","Y11 Quantitative chemistry › Mole concept (n = m/MM; relative atomic mass vs carbon-12)","September title/scope crosswalk carried forward as a provisional candidate. Current scene equivalence has not been approved.","check visual course framing"
"src/data/chemistry-y11-m2-l20-module-review.json","Module 2 Review","shared-core candidate","Y11 Quantitative chemistry (review)","September title/scope crosswalk carried forward as a provisional candidate. Current scene equivalence has not been approved.","check visual course framing; copy punctuation review before speech"
"src/data/chemistry-y11-m2-l3-empirical-molecular-formulas.json","Empirical and Molecular Formulas","shared-core candidate","Y11 Quantitative chemistry › Mole concept (percentage composition, empirical formulas)","September title/scope crosswalk carried forward as a provisional candidate. Current scene equivalence has not been approved.","check visual course framing"
"src/data/chemistry-y11-m2-l4-gases-molar-volume.json","Gases and Molar Volume","shared-core candidate","Y11 Quantitative chemistry › Properties of gases (PV = nRT at STP)","September title/scope crosswalk carried forward as a provisional candidate. Current scene equivalence has not been approved.","check visual course framing"
"src/data/chemistry-y11-m2-l5-mole-consolidation.json","Mole Calculations Consolidation","shared-core candidate","Y11 Quantitative chemistry › Mole concept","September title/scope crosswalk carried forward as a provisional candidate. Current scene equivalence has not been approved.","check visual course framing"
"src/data/chemistry-y11-m2-l6-concentration.json","Concentration: Moles Per Litre","shared-core candidate","Y11 Quantitative chemistry › Measures of concentration (C = n/V)","September title/scope crosswalk carried forward as a provisional candidate. Current scene equivalence has not been approved.","check visual course framing"
"src/data/chemistry-y11-m2-l7-standard-solutions-dilutions.json","Standard Solutions and Dilutions","shared-core candidate","Y11 Quantitative chemistry › Measures of concentration (primary standard; C1V1 = C2V2)","September title/scope crosswalk carried forward as a provisional candidate. Current scene equivalence has not been approved.","check visual course framing"
"src/data/chemistry-y11-m2-l8-concentration-in-context.json","Concentration in Context","scope review","Y11 Quantitative chemistry › Measures of concentration (mol L-1, g L-1, mg L-1, %w/w, %w/v, %v/v, ppm, ppb)","September title/scope crosswalk carried forward as a provisional candidate. Current scene equivalence has not been approved.","check visual course framing"
"src/data/chemistry-y11-m2-l9-gravimetric-analysis.json","Gravimetric Analysis","shared-core candidate","Y11 Quantitative chemistry (% composition by mass) and Y12 Applying chemical ideas (""AAS and gravimetric data to analyse pollutants in water"")","September title/scope crosswalk carried forward as a provisional candidate. Current scene equivalence has not been approved.","check visual course framing"
"src/data/chemistry-y11-m3-cp1-predicting-products.json","Checkpoint 1: Predicting Products","shared-core candidate","Y11 Chemical reactions › Classifying chemical reactions","September title/scope crosswalk carried forward as a provisional candidate. Current scene equivalence has not been approved.","missing outcome metadata; check visual course framing; copy punctuation review before speech"
"src/data/chemistry-y11-m3-cp2-metal-reactivity.json","Checkpoint 2: Metal Reactivity & Electrochemistry","scope review","Y11 Chemical reactions (redox, activity) + →Y12 Y12 Applying chemical ideas (galvanic cells)","September title/scope crosswalk carried forward as a provisional candidate. Current scene equivalence has not been approved.","missing outcome metadata; check visual course framing; copy punctuation review before speech"
"src/data/chemistry-y11-m3-cp3-rates-synthesis.json","Checkpoint 3: Rates of Reaction & Cross-IQ Synthesis","scope review","Y11 Chemical reactions › Rates. The Boltzmann-distribution walkthrough is not in the new syllabus","September title/scope crosswalk carried forward as a provisional candidate. Current scene equivalence has not been approved.","missing outcome metadata; check visual course framing; copy punctuation review before speech"
"src/data/chemistry-y11-m3-l1-physical-chemical-change.json","Physical & Chemical Change","scope review","Y11 Chemical reactions / Y11 Quantitative chemistry › Conservation of mass (atoms rearranged). ""Indicators of chemical change"" is not a new point","September title/scope crosswalk carried forward as a provisional candidate. Current scene equivalence has not been approved.","missing outcome metadata; check visual course framing; copy punctuation review before speech"
"src/data/chemistry-y11-m3-l10-inert-electrodes.json","Galvanic Cells . Inert Electrodes & Predicting Reactions","shared-core candidate","→Y12 Y12 Applying chemical ideas › inorganic (cell potential, spontaneity)","September title/scope crosswalk carried forward as a provisional candidate. Current scene equivalence has not been approved.","missing outcome metadata; check visual course framing"
"src/data/chemistry-y11-m3-l11-collision-theory.json","Collision Theory & Reaction Rate","shared-core candidate","Y11 Chemical reactions › Rates of reactions (activation energy, orientation, successful collisions)","September title/scope crosswalk carried forward as a provisional candidate. Current scene equivalence has not been approved.","missing outcome metadata; check visual course framing"
"src/data/chemistry-y11-m3-l12-factors-affecting-rate.json","Factors Affecting Reaction Rate","shared-core candidate","Y11 Chemical reactions › Rates of reactions (concentration, temperature, surface area, catalysts)","September title/scope crosswalk carried forward as a provisional candidate. Current scene equivalence has not been approved.","missing outcome metadata; check visual course framing"
"src/data/chemistry-y11-m3-l2-synthesis-decomposition.json","Synthesis & Decomposition","shared-core candidate","Y11 Chemical reactions › Classifying chemical reactions (synthesis, decomposition)","September title/scope crosswalk carried forward as a provisional candidate. Current scene equivalence has not been approved.","missing outcome metadata; check visual course framing; copy punctuation review before speech"
"src/data/chemistry-y11-m3-l3-precipitation-solubility.json","Precipitation & Solubility Rules","shared-core candidate","Y11 Chemical reactions › Classifying (full and net ionic equations; solubility rules)","September title/scope crosswalk carried forward as a provisional candidate. Current scene equivalence has not been approved.","missing outcome metadata; check visual course framing; copy punctuation review before speech"
"src/data/chemistry-y11-m3-l4-combustion-reactions.json","Combustion Reactions","shared-core candidate","Y11 Chemical reactions › Classifying (combustion) + Y12 Organic chemistry (complete vs incomplete combustion)","September title/scope crosswalk carried forward as a provisional candidate. Current scene equivalence has not been approved.","missing outcome metadata; check visual course framing; copy punctuation review before speech"
"src/data/chemistry-y11-m3-l5-acid-base-acid-carbonate.json","Acid-Base & Acid-Carbonate Reactions","shared-core candidate","Y11 Chemical reactions › Classifying (neutralisation)","September title/scope crosswalk carried forward as a provisional candidate. Current scene equivalence has not been approved.","missing outcome metadata; check visual course framing; copy punctuation review before speech"
"src/data/chemistry-y11-m3-l6-indigenous-detoxification.json","Indigenous Detoxification & Balancing Equations","scope review","Y11 Chemical reactions › Classifying. The new Aboriginal example is nardoo detoxification as decomposition; the lesson uses cycads, which are not named in the new syllabus","September title/scope crosswalk carried forward as a provisional candidate. Current scene equivalence has not been approved.","missing outcome metadata; check visual course framing; copy punctuation review before speech"
"src/data/chemistry-y11-m3-l7-metal-activity-series.json","Metal Activity Series","shared-core candidate","Y11 Chemical reactions › Classifying (reactivity in O2, water, acid and metal-ion solutions; activity series compared with secondary sources)","September title/scope crosswalk carried forward as a provisional candidate. Current scene equivalence has not been approved.","missing outcome metadata; check visual course framing; copy punctuation review before speech"
"src/data/chemistry-y11-m3-l8-redox-oxidation-states.json","Redox Reactions & Oxidation States","shared-core candidate","Y11 Chemical reactions › Classifying (oxidation and reduction by electron transfer and oxidation state; half-equations)","September title/scope crosswalk carried forward as a provisional candidate. Current scene equivalence has not been approved.","missing outcome metadata; check visual course framing; copy punctuation review before speech"
"src/data/chemistry-y11-m3-l9-galvanic-cells.json","Galvanic Cells & Standard Reduction Potentials","shared-core candidate","→Y12 Y12 Applying chemical ideas › Analysis and uses of inorganic substances (galvanic cells; standard reduction potentials; spontaneity)","September title/scope crosswalk carried forward as a provisional candidate. Current scene equivalence has not been approved.","missing outcome metadata; check visual course framing"
"src/data/chemistry-y11-m4-cp1-energy-changes.json","Checkpoint 1, Energy Changes in Reactions","shared-core candidate","Y11 Chemical reactions › Energy changes","September title/scope crosswalk carried forward as a provisional candidate. Current scene equivalence has not been approved.","missing outcome metadata; check visual course framing; copy punctuation review before speech"
"src/data/chemistry-y11-m4-cp2-enthalpy-hess.json","Checkpoint 2, Enthalpy & Hess's Law","legacy priority","Not in new syllabus (bond energy / ΔH°f / Hess)","September title/scope crosswalk carried forward as a provisional candidate. Current scene equivalence has not been approved.","missing outcome metadata; check visual course framing; copy punctuation review before speech"
"src/data/chemistry-y11-m4-cp3-entropy-gibbs.json","Checkpoint 3, Entropy & Gibbs Free Energy","legacy priority","Not in new syllabus (entropy / Gibbs)","September title/scope crosswalk carried forward as a provisional candidate. Current scene equivalence has not been approved.","missing outcome metadata; check visual course framing; copy punctuation review before speech"
"src/data/chemistry-y11-m4-l1-enthalpy-energy-profiles.json","Enthalpy & Energy Profile Diagrams","shared-core candidate","Y11 Chemical reactions › Energy changes (endothermic and exothermic; energy profile diagrams)","September title/scope crosswalk carried forward as a provisional candidate. Current scene equivalence has not been approved.","missing outcome metadata; check visual course framing; copy punctuation review before speech"
"src/data/chemistry-y11-m4-l10-hess-combustion-consolidation.json","Hess's Law Applied, Heat of Combustion & Consolidation","legacy priority","Not in new syllabus (Hess/ΔH°f)","September title/scope crosswalk carried forward as a provisional candidate. Current scene equivalence has not been approved.","missing outcome metadata; check visual course framing; copy punctuation review before speech"
"src/data/chemistry-y11-m4-l11-entropy.json","Entropy, Definition, Modelling & Predicting ΔS","legacy priority","Not in new syllabus (no entropy)","September title/scope crosswalk carried forward as a provisional candidate. Current scene equivalence has not been approved.","missing outcome metadata; check visual course framing; copy punctuation review before speech"
"src/data/chemistry-y11-m4-l12-calculating-entropy.json","Calculating ΔS° & Standard Entropy","legacy priority","Not in new syllabus (entropy)","September title/scope crosswalk carried forward as a provisional candidate. Current scene equivalence has not been approved.","missing outcome metadata; check visual course framing; copy punctuation review before speech"
"src/data/chemistry-y11-m4-l13-gibbs-free-energy.json","Gibbs Free Energy & Spontaneity","legacy priority","Not in new syllabus (no Gibbs free energy)","September title/scope crosswalk carried forward as a provisional candidate. Current scene equivalence has not been approved.","missing outcome metadata; check visual course framing; copy punctuation review before speech"
"src/data/chemistry-y11-m4-l2-calorimetry-combustion.json","Calorimetry, Combustion","shared-core candidate","Y11 Chemical reactions › Energy changes (q = mcΔT; ΔH = −q/n) + Y12 Organic chemistry (enthalpy of combustion of alcohols)","September title/scope crosswalk carried forward as a provisional candidate. Current scene equivalence has not been approved.","missing outcome metadata; check visual course framing; copy punctuation review before speech"
"src/data/chemistry-y11-m4-l3-calorimetry-neutralisation.json","Calorimetry, Neutralisation","shared-core candidate","Y11 Chemical reactions › Energy changes (calorimetry ΔH for an exothermic reaction; neutralisation is the example, but it is not named)","September title/scope crosswalk carried forward as a provisional candidate. Current scene equivalence has not been approved.","missing outcome metadata; check visual course framing; copy punctuation review before speech"
"src/data/chemistry-y11-m4-l4-calorimetry-dissolution.json","Calorimetry, Dissolution of Ionic Substances","shared-core candidate","Y11 Chemical reactions › Energy changes (calorimetry ΔH for an endothermic reaction) + Y12 Equilibrium › Solution equilibria (dissolution)","September title/scope crosswalk carried forward as a provisional candidate. Current scene equivalence has not been approved.","missing outcome metadata; check visual course framing; copy punctuation review before speech"
"src/data/chemistry-y11-m4-l5-activation-energy-catalysts.json","Activation Energy, Catalysts & Energy Diagrams","shared-core candidate","Y11 Chemical reactions › Energy changes (catalysts provide an alternative lower-energy pathway)","September title/scope crosswalk carried forward as a provisional candidate. Current scene equivalence has not been approved.","missing outcome metadata; check visual course framing; copy punctuation review before speech"
"src/data/chemistry-y11-m4-l6-bond-energy.json","Bond Energy & Enthalpy Change","scope review","Y11 Chemical reactions › Energy changes (""relate heat energy changes to total bond energy changes""). Bond-energy ΔH calculations are not required","September title/scope crosswalk carried forward as a provisional candidate. Current scene equivalence has not been approved.","missing outcome metadata; check visual course framing; copy punctuation review before speech"
"src/data/chemistry-y11-m4-l7-enthalpy-of-formation.json","Enthalpy of Formation","legacy priority","Not in new syllabus (no ΔH°f)","September title/scope crosswalk carried forward as a provisional candidate. Current scene equivalence has not been approved.","missing outcome metadata; check visual course framing; copy punctuation review before speech"
"src/data/chemistry-y11-m4-l8-hesss-law.json","Hess's Law","legacy priority","Not in new syllabus (no Hess's law)","September title/scope crosswalk carried forward as a provisional candidate. Current scene equivalence has not been approved.","missing outcome metadata; check visual course framing; copy punctuation review before speech"
"src/data/chemistry-y11-m4-l9-hess-photosynthesis-respiration.json","Hess's Law Applied, Photosynthesis & Respiration","legacy priority","Not in new syllabus (Hess)","September title/scope crosswalk carried forward as a provisional candidate. Current scene equivalence has not been approved.","missing outcome metadata; check visual course framing; copy punctuation review before speech"
"src/data/chemistry-y12-m5-l1-static-dynamic-equilibrium.json","Static vs Dynamic Equilibrium","shared-core candidate","Y12 Equilibrium › Dynamic equilibrium (+ closed system). Open and closed systems also appear in Y11 Quantitative chemistry","September title/scope crosswalk carried forward as a provisional candidate. Current scene equivalence has not been approved.","check visual course framing; copy punctuation review before speech"
"src/data/chemistry-y12-m5-l10-calculating-keq-ice-tables.json","Calculating Keq and ICE Tables","shared-core candidate","Y12 Equilibrium › Calculating Keq","September title/scope crosswalk carried forward as a provisional candidate. Current scene equivalence has not been approved.","check visual course framing"
"src/data/chemistry-y12-m5-l11-ice-table-mastery.json","ICE Table Mastery","shared-core candidate","Y12 Equilibrium › Calculating Keq","September title/scope crosswalk carried forward as a provisional candidate. Current scene equivalence has not been approved.","check visual course framing"
"src/data/chemistry-y12-m5-l12-reaction-quotient-q.json","The Reaction Quotient Q","shared-core candidate","Y12 Equilibrium › Calculating Keq (Q)","September title/scope crosswalk carried forward as a provisional candidate. Current scene equivalence has not been approved.","check visual course framing"
"src/data/chemistry-y12-m5-l13-temperature-keq-colourimetry.json","Temperature, Keq and Colourimetry","shared-core candidate","Y12 Equilibrium › Calculating Keq (temperature effect; FeSCN²⁺ Keq practical)","September title/scope crosswalk carried forward as a provisional candidate. Current scene equivalence has not been approved.","check visual course framing"
"src/data/chemistry-y12-m5-l14-ka-kb-gibbs.json","Ka, Kb and Gibbs Free Energy","scope review","Y12 Acid–base reactions (Ka, Kb, Kw). The Keq↔Gibbs link is 2017 only","September title/scope crosswalk carried forward as a provisional candidate. Current scene equivalence has not been approved.","check visual course framing"
"src/data/chemistry-y12-m5-l15-dissolution-atsi.json","Dissolution and First Nations Knowledge","scope review","Y12 Equilibrium › Solution equilibria (dissolution diagrams). The cycad detox example is not in the new syllabus","September title/scope crosswalk carried forward as a provisional candidate. Current scene equivalence has not been approved.","check visual course framing"
"src/data/chemistry-y12-m5-l16-solubility-rules-precipitation.json","Solubility Rules and Precipitation","shared-core candidate","Y12 Equilibrium › Solution equilibria (lab-derived solubility rules for named cations and anions; identifying unknown ions)","September title/scope crosswalk carried forward as a provisional candidate. Current scene equivalence has not been approved.","check visual course framing"
"src/data/chemistry-y12-m5-l17-solubility-product-ksp.json","The Solubility Product Ksp","shared-core candidate","Y12 Equilibrium › Solution equilibria (Ksp; solubility in g L-1 and mol L-1)","September title/scope crosswalk carried forward as a provisional candidate. Current scene equivalence has not been approved.","check visual course framing"
"src/data/chemistry-y12-m5-l18-qsp-common-ion-effect.json","Qsp, Precipitation and the Common Ion Effect","shared-core candidate","Y12 Equilibrium › Solution equilibria (predict a precipitate from Ksp). The common-ion effect is extra","September title/scope crosswalk carried forward as a provisional candidate. Current scene equivalence has not been approved.","check visual course framing"
"src/data/chemistry-y12-m5-l2-reversibility-entropy.json","Reversibility, Non-Equilibrium Systems and Entropy","scope review","Y12 Equilibrium › Dynamic equilibrium (""demonstrate the reversibility of a chemical reaction""). The entropy/enthalpy framing of non-equilibrium systems is 2017 only","September title/scope crosswalk carried forward as a provisional candidate. Current scene equivalence has not been approved.","check visual course framing; copy punctuation review before speech"
"src/data/chemistry-y12-m5-l3-collision-theory-equilibrium.json","Collision Theory Applied to Equilibrium","shared-core candidate","Y12 Equilibrium › Dynamic equilibrium / Factors (collision theory)","September title/scope crosswalk carried forward as a provisional candidate. Current scene equivalence has not been approved.","check visual course framing; copy punctuation review before speech"
"src/data/chemistry-y12-m5-l4-equilibrium-analogies-misconceptions.json","Equilibrium in Context: Analogies and Misconceptions","shared-core candidate","Y12 Equilibrium › Dynamic equilibrium (""macroscopic properties remain constant""; modelling)","September title/scope crosswalk carried forward as a provisional candidate. Current scene equivalence has not been approved.","check visual course framing"
"src/data/chemistry-y12-m5-l5-lcp-concentration-temperature.json","Le Chatelier's Principle: Concentration and Temperature","shared-core candidate","Y12 Equilibrium › Factors (Le Chatelier: concentration, temperature; practical)","September title/scope crosswalk carried forward as a provisional candidate. Current scene equivalence has not been approved.","check visual course framing; copy punctuation review before speech"
"src/data/chemistry-y12-m5-l6-lcp-pressure-volume-catalysts.json","Le Chatelier's Principle: Pressure, Volume and Catalysts","shared-core candidate","Y12 Equilibrium › Factors (pressure, volume)","September title/scope crosswalk carried forward as a provisional candidate. Current scene equivalence has not been approved.","check visual course framing"
"src/data/chemistry-y12-m5-l7-industrial-applications-equilibrium.json","Industrial Applications of Equilibrium","shared-core candidate","Y12 Equilibrium › Factors (increase yield; economical industrial production)","September title/scope crosswalk carried forward as a provisional candidate. Current scene equivalence has not been approved.","check visual course framing; copy punctuation review before speech"
"src/data/chemistry-y12-m5-l8-lcp-mastery-consolidation.json","LCP Mastery: Multi-Variable Problems and Graphs","shared-core candidate","Y12 Equilibrium › Factors","September title/scope crosswalk carried forward as a provisional candidate. Current scene equivalence has not been approved.","check visual course framing"
"src/data/chemistry-y12-m5-l9-writing-keq-expressions.json","Writing Keq Expressions","shared-core candidate","Y12 Equilibrium › Calculating Keq (homogeneous solution and gas expressions)","September title/scope crosswalk carried forward as a provisional candidate. Current scene equivalence has not been approved.","check visual course framing"
"src/data/chemistry-y12-m6-l1-acid-base-models.json","Acid-Base Models: Arrhenius to Brønsted-Lowry","shared-core candidate","Y12 Acid–base reactions › Properties (""limitations in Arrhenius's theory led to Brønsted–Lowry"")","September title/scope crosswalk carried forward as a provisional candidate. Current scene equivalence has not been approved.","check visual course framing"
"src/data/chemistry-y12-m6-l10-neutralisation-enthalpy-strong-vs-weak.json","Neutralisation Enthalpy: Strong vs Weak Compared","legacy priority","Not in new syllabus (enthalpy of neutralisation, strong vs weak)","September title/scope crosswalk carried forward as a provisional candidate. Current scene equivalence has not been approved.","check visual course framing"
"src/data/chemistry-y12-m6-l11-ph-calculations-mastery.json","pH Calculations Mastery","shared-core candidate","Y12 Acid–base reactions › Brønsted–Lowry (pH of a resultant solution)","September title/scope crosswalk carried forward as a provisional candidate. Current scene equivalence has not been approved.","check visual course framing"
"src/data/chemistry-y12-m6-l12-ka-pka-acid-strength.json","Ka, pKa and Acid Strength","shared-core candidate","Y12 Acid–base reactions › Brønsted–Lowry (Ka, pKa; polyprotic acids)","September title/scope crosswalk carried forward as a provisional candidate. Current scene equivalence has not been approved.","check visual course framing"
"src/data/chemistry-y12-m6-l13-buffers.json","Buffer Solutions","shared-core candidate","Y12 Acid–base reactions › Brønsted–Lowry (buffers: prepare; role in a natural system)","September title/scope crosswalk carried forward as a provisional candidate. Current scene equivalence has not been approved.","check visual course framing"
"src/data/chemistry-y12-m6-l14-titration-technique.json","Titration: Technique and Calculations","shared-core candidate","Y12 Acid–base reactions › Quantitative analysis (primary standard; titration)","September title/scope crosswalk carried forward as a provisional candidate. Current scene equivalence has not been approved.","check visual course framing"
"src/data/chemistry-y12-m6-l15-indicators.json","Indicators and the Equivalence Point","shared-core candidate","Y12 Acid–base reactions › Quantitative analysis (equivalence point vs endpoint; indicator choice)","September title/scope crosswalk carried forward as a provisional candidate. Current scene equivalence has not been approved.","check visual course framing"
"src/data/chemistry-y12-m6-l16-titration-curves.json","Titration Curves","shared-core candidate","Y12 Acid–base reactions › Quantitative analysis (titration curves)","September title/scope crosswalk carried forward as a provisional candidate. Current scene equivalence has not been approved.","check visual course framing"
"src/data/chemistry-y12-m6-l17-titration-indicator-mastery.json","Titration and Indicator Mastery","shared-core candidate","Y12 Acid–base reactions › Quantitative analysis","September title/scope crosswalk carried forward as a provisional candidate. Current scene equivalence has not been approved.","check visual course framing"
"src/data/chemistry-y12-m6-l18-back-conductometric-titration.json","Back Titration and Conductometric Titration","shared-core candidate","Y12 Acid–base reactions › Quantitative analysis (back titrations; conductivity graphs)","September title/scope crosswalk carried forward as a provisional candidate. Current scene equivalence has not been approved.","check visual course framing"
"src/data/chemistry-y12-m6-l19-industrial-digital-analysis.json","Industrial and Digital Acid-Base Analysis","shared-core candidate","Y12 Acid–base reactions › Quantitative analysis (household digital probes and instruments)","September title/scope crosswalk carried forward as a provisional candidate. Current scene equivalence has not been approved.","check visual course framing"
"src/data/chemistry-y12-m6-l2-nomenclature-indicators-acid-reactions.json","Naming Acids, Indicators and Acid Reactions","shared-core candidate","Y12 Acid–base reactions › Properties (IUPAC names of inorganic acids and bases; properties; indicators)","September title/scope crosswalk carried forward as a provisional candidate. Current scene equivalence has not been approved.","check visual course framing"
"src/data/chemistry-y12-m6-l3-enthalpy-of-neutralisation.json","Enthalpy of Neutralisation","scope review","→Y11 Y11 Chemical reactions › Energy changes (a calorimetry example). There is no enthalpy of neutralisation in new Y12","September title/scope crosswalk carried forward as a provisional candidate. Current scene equivalence has not been approved.","check visual course framing"
"src/data/chemistry-y12-m6-l4-neutralisation-everyday-industry.json","Neutralisation in Everyday Life and Industry","scope review","Y12 Acid–base reactions (salt nature) / Y11 Chemical reactions (""evaluate the impact of a chemical reaction in medicine or agriculture"")","September title/scope crosswalk carried forward as a provisional candidate. Current scene equivalence has not been approved.","check visual course framing"
"src/data/chemistry-y12-m6-l5-strong-vs-weak-acids-bases.json","Strong vs Weak Acids and Bases","shared-core candidate","Y12 Acid–base reactions › Brønsted–Lowry (strong vs weak; pH of acids at the same concentration)","September title/scope crosswalk carried forward as a provisional candidate. Current scene equivalence has not been approved.","check visual course framing"
"src/data/chemistry-y12-m6-l6-strong-weak-mastery-salt-hydrolysis.json","Strong/Weak Mastery and Salt Hydrolysis","shared-core candidate","Y12 Acid–base reactions › Brønsted–Lowry (acidic or basic nature of salts)","September title/scope crosswalk carried forward as a provisional candidate. Current scene equivalence has not been approved.","check visual course framing"
"src/data/chemistry-y12-m6-l7-conjugate-pairs-amphiprotic-water.json","Conjugate Pairs, Amphiprotic Species and Water","shared-core candidate","Y12 Acid–base reactions › Brønsted–Lowry (conjugate pairs; amphiprotic; ionic equations)","September title/scope crosswalk carried forward as a provisional candidate. Current scene equivalence has not been approved.","check visual course framing"
"src/data/chemistry-y12-m6-l8-ph-poh-strong-acids-bases.json","pH and pOH for Strong Acids and Bases","shared-core candidate","Y12 Acid–base reactions › Brønsted–Lowry (pH, pOH, [H+], [OH−]; mixing)","September title/scope crosswalk carried forward as a provisional candidate. Current scene equivalence has not been approved.","check visual course framing"
"src/data/chemistry-y12-m6-l9-ka-kb-ice-tables.json","pH of Weak Acids: Ka, Kb and ICE Tables","shared-core candidate","Y12 Acid–base reactions › Brønsted–Lowry (Ka, Kb)","September title/scope crosswalk carried forward as a provisional candidate. Current scene equivalence has not been approved.","check visual course framing"
"src/data/chemistry-y12-m7-l1-intro-iupac-nomenclature.json","Intro to Organic Chemistry & IUPAC Nomenclature I","shared-core candidate","Y12 Organic chemistry › Hydrocarbons (IUPAC C1–C8, branched; shapes)","September title/scope crosswalk carried forward as a provisional candidate. Current scene equivalence has not been approved.","check visual course framing"
"src/data/chemistry-y12-m7-l10-alcohol-production.json","Production of Alcohols: Hydration, Substitution, Fermentation","shared-core candidate","Y12 Organic chemistry › Alcohols (production by haloalkane substitution; hydration; ""producing alcohol from plants and crude oil"")","September title/scope crosswalk carried forward as a provisional candidate. Current scene equivalence has not been approved.","check visual course framing"
"src/data/chemistry-y12-m7-l11-combustion-of-alcohols.json","Combustion of Alcohols & Comparison with Fossil Fuels","shared-core candidate","Y12 Organic chemistry › Alcohols (enthalpy of combustion vs chain length; lab)","September title/scope crosswalk carried forward as a provisional candidate. Current scene equivalence has not been approved.","check visual course framing"
"src/data/chemistry-y12-m7-l12-alcohol-reactions.json","Reactions of Alcohols: Dehydration, Substitution, Oxidation","shared-core candidate","Y12 Organic chemistry › Alcohols (dehydration; HX substitution; oxidation to aldehyde and ketone)","September title/scope crosswalk carried forward as a provisional candidate. Current scene equivalence has not been approved.","check visual course framing"
"src/data/chemistry-y12-m7-l13-aldehydes-and-ketones.json","Aldehydes and Ketones","scope review","Y12 Organic chemistry › Alcohols (""account for aldehyde and ketone products"" only). Tollens/Fehling-style tests are extra","September title/scope crosswalk carried forward as a provisional candidate. Current scene equivalence has not been approved.","check visual course framing"
"src/data/chemistry-y12-m7-l14-carboxylic-acids.json","Carboxylic Acids","shared-core candidate","Y12 Organic chemistry › Organic acids (naming, properties, oxidation route, test for a carboxylic acid)","September title/scope crosswalk carried forward as a provisional candidate. Current scene equivalence has not been approved.","check visual course framing"
"src/data/chemistry-y12-m7-l15-esters.json","Esters","shared-core candidate","Y12 Organic chemistry › Esters (naming; lab synthesis and purification)","September title/scope crosswalk carried forward as a provisional candidate. Current scene equivalence has not been approved.","check visual course framing"
"src/data/chemistry-y12-m7-l16-amines-and-amides.json","Amines and Amides","legacy priority","Not in new syllabus (no amines or amides)","September title/scope crosswalk carried forward as a provisional candidate. Current scene equivalence has not been approved.","check visual course framing"
"src/data/chemistry-y12-m7-l17-soaps-and-detergents.json","Soaps, Detergents and Saponification","legacy priority","Not in new syllabus (no soaps or saponification)","September title/scope crosswalk carried forward as a provisional candidate. Current scene equivalence has not been approved.","check visual course framing"
"src/data/chemistry-y12-m7-l18-organic-acids-and-bases.json","Organic Acids and Bases","legacy priority","Not in new syllabus (no organic acid/base comparison)","September title/scope crosswalk carried forward as a provisional candidate. Current scene equivalence has not been approved.","check visual course framing"
"src/data/chemistry-y12-m7-l19-reaction-pathways.json","Organic Reaction Pathways","shared-core candidate","Y12 Organic chemistry › Esters (""flow charts … reaction pathways for ester synthesis, including multi-step"")","September title/scope crosswalk carried forward as a provisional candidate. Current scene equivalence has not been approved.","check visual course framing"
"src/data/chemistry-y12-m7-l2-functional-groups-isomers.json","IUPAC Nomenclature II: Functional Groups & Isomers","scope review","Y12 Organic chemistry (isomers; functional groups). Naming amines, amides, aldehydes and ketones goes beyond the new syllabus","September title/scope crosswalk carried forward as a provisional candidate. Current scene equivalence has not been approved.","check visual course framing"
"src/data/chemistry-y12-m7-l20-organic-reactions-mastery.json","Organic Reactions Mastery","shared-core candidate","Y12 Organic chemistry (hydrocarbon and alcohol reactions mastery)","September title/scope crosswalk carried forward as a provisional candidate. Current scene equivalence has not been approved.","check visual course framing"
"src/data/chemistry-y12-m7-l21-addition-polymers.json","Addition Polymers","shared-core candidate","Y12 Applying chemical ideas › organic (PE, PVC, PTFE, PP; ethene → chloroethene)","September title/scope crosswalk carried forward as a provisional candidate. Current scene equivalence has not been approved.","check visual course framing"
"src/data/chemistry-y12-m7-l22-condensation-polymers.json","Condensation Polymers","scope review","Y12 Organic chemistry › Esters (polyester by esterification). Nylon/polyamides are not in the new syllabus","September title/scope crosswalk carried forward as a provisional candidate. Current scene equivalence has not been approved.","check visual course framing"
"src/data/chemistry-y12-m7-l23-polymers-properties-and-environment.json","Polymers: Properties and Environment","scope review","Y12 Applying chemical ideas (environmental and health impacts of polymers). The thermoset framing is extra","September title/scope crosswalk carried forward as a provisional candidate. Current scene equivalence has not been approved.","check visual course framing"
"src/data/chemistry-y12-m7-l3-hydrocarbons-properties.json","Hydrocarbons: Homologous Series & Physical Properties","shared-core candidate","Y12 Organic chemistry › Hydrocarbons (homologous series; bp vs chain length; IMFs)","September title/scope crosswalk carried forward as a provisional candidate. Current scene equivalence has not been approved.","check visual course framing"
"src/data/chemistry-y12-m7-l4-structure-bonding.json","Hydrocarbon Structure & Bonding","shared-core candidate","Y12 Organic chemistry › Hydrocarbons (""reactivity differences between alkanes and alkenes"")","September title/scope crosswalk carried forward as a provisional candidate. Current scene equivalence has not been approved.","check visual course framing"
"src/data/chemistry-y12-m7-l5-hydrocarbon-reactions.json","Hydrocarbon Reactions: Combustion, Substitution, Addition","shared-core candidate","Y12 Organic chemistry › Hydrocarbons (addition; substitution with halogens; combustion)","September title/scope crosswalk carried forward as a provisional candidate. Current scene equivalence has not been approved.","check visual course framing"
"src/data/chemistry-y12-m7-l6-alkene-reactions.json","Reactions of Alkenes: Addition & Markovnikov's Rule","shared-core candidate","Y12 Organic chemistry › Hydrocarbons (alkene + H2, X2, HX, H2O). Markovnikov is not named but is needed for HX/H2O","September title/scope crosswalk carried forward as a provisional candidate. Current scene equivalence has not been approved.","check visual course framing"
"src/data/chemistry-y12-m7-l7-alkyne-alkane-reactions.json","Reactions of Alkynes & Alkanes","scope review","Y12 Organic chemistry › Hydrocarbons (alkane substitution). Alkyne two-step addition and hydration to ketone are extra","September title/scope crosswalk carried forward as a provisional candidate. Current scene equivalence has not been approved.","check visual course framing"
"src/data/chemistry-y12-m7-l8-reactions-mastery.json","Hydrocarbon Reactions Mastery: Conditions, Products & Errors","scope review","Y12 Organic chemistry › Hydrocarbons (conditions; multi-step). Geminal/vicinal and the propyne hub are extra","September title/scope crosswalk carried forward as a provisional candidate. Current scene equivalence has not been approved.","check visual course framing"
"src/data/chemistry-y12-m7-l9-alcohol-structure-properties.json","Structure & Properties of Alcohols","shared-core candidate","Y12 Organic chemistry › Alcohols (1°/2°/3°; bp and solubility trends)","September title/scope crosswalk carried forward as a provisional candidate. Current scene equivalence has not been approved.","check visual course framing"
"src/data/chemistry-y12-m8-l1-acid-base-titrations-indicators.json","Acid-Base Titrations and Indicators","shared-core candidate","Y12 Acid–base reactions › Quantitative analysis (titration, back titration, indicator)","September title/scope crosswalk carried forward as a provisional candidate. Current scene equivalence has not been approved.","check visual course framing"
"src/data/chemistry-y12-m8-l10-water-treatment-processes.json","Water Treatment Processes","legacy priority","Not in new syllabus (no water treatment)","September title/scope crosswalk carried forward as a provisional candidate. Current scene equivalence has not been approved.","check visual course framing"
"src/data/chemistry-y12-m8-l11-drug-classification-functional-groups.json","Drug Classification and Functional Groups","legacy priority","Not in new syllabus (medicines by functional group)","September title/scope crosswalk carried forward as a provisional candidate. Current scene equivalence has not been approved.","check visual course framing"
"src/data/chemistry-y12-m8-l12-acid-base-properties-drug-molecules.json","Acid-Base Properties of Drug Molecules","legacy priority","Not in new syllabus (drug acid–base, Henderson–Hasselbalch)","September title/scope crosswalk carried forward as a provisional candidate. Current scene equivalence has not been approved.","check visual course framing"
"src/data/chemistry-y12-m8-l13-optical-isomerism-chirality.json","Optical Isomerism and Chirality in Medicines","legacy priority","Not in new syllabus (no optical isomers; only geometric isomers)","September title/scope crosswalk carried forward as a provisional candidate. Current scene equivalence has not been approved.","check visual course framing"
"src/data/chemistry-y12-m8-l14-solubility-polarity-drug-delivery.json","Solubility, Polarity and Drug Delivery","legacy priority","Not in new syllabus (drug delivery)","September title/scope crosswalk carried forward as a provisional candidate. Current scene equivalence has not been approved.","check visual course framing"
"src/data/chemistry-y12-m8-l15-drug-synthesis-green-chemistry.json","Drug Synthesis and Green Chemistry","legacy priority","Not in new syllabus (chemical synthesis design is dropped)","September title/scope crosswalk carried forward as a provisional candidate. Current scene equivalence has not been approved.","check visual course framing"
"src/data/chemistry-y12-m8-l16-polymers-structure-properties.json","Polymers, Structure, Properties and Applications","scope review","Y12 Applying chemical ideas (PE, PVC, PTFE, PP)","September title/scope crosswalk carried forward as a provisional candidate. Current scene equivalence has not been approved.","check visual course framing"
"src/data/chemistry-y12-m8-l2-gravimetric-analysis.json","Gravimetric Analysis","shared-core candidate","Y12 Applying chemical ideas › inorganic (""AAS and gravimetric data to analyse pollutants in water"") + Y11 Quantitative chemistry","September title/scope crosswalk carried forward as a provisional candidate. Current scene equivalence has not been approved.","check visual course framing"
"src/data/chemistry-y12-m8-l3-precipitation-qualitative-analysis.json","Precipitation Reactions and Qualitative Analysis","scope review","Y12 Equilibrium › Solution equilibria (identify 2 unknown ions) + →Y11 Y11 Properties and structure of matter (flame tests). Complexation is not named","September title/scope crosswalk carried forward as a provisional candidate. Current scene equivalence has not been approved.","check visual course framing"
"src/data/chemistry-y12-m8-l4-spectroscopic-analysis-uv-vis-aas.json","Spectroscopic Analysis, UV-Vis and AAS","scope review","Y12 Applying chemical ideas › inorganic (AAS as a quantitative method; AAS/AES and electron configuration). UV-Vis/Beer–Lambert is not named","September title/scope crosswalk carried forward as a provisional candidate. Current scene equivalence has not been approved.","check visual course framing"
"src/data/chemistry-y12-m8-l5-chromatography-tlc-column-hplc.json","Chromatography, TLC, Column and HPLC","scope review","→Y11 Y11 Properties and structure of matter › Separation (chromatographic techniques, as an example only). Rf/HPLC depth is extra","September title/scope crosswalk carried forward as a provisional candidate. Current scene equivalence has not been approved.","check visual course framing"
"src/data/chemistry-y12-m8-l6-water-quality-parameters-standards.json","Water Quality Parameters and Standards","legacy priority","Not in new syllabus (no water-quality parameters)","September title/scope crosswalk carried forward as a provisional candidate. Current scene equivalence has not been approved.","check visual course framing"
"src/data/chemistry-y12-m8-l7-monitoring-dissolved-oxygen-bod.json","Monitoring Dissolved Oxygen and BOD","legacy priority","Not in new syllabus (no DO/BOD/Winkler)","September title/scope crosswalk carried forward as a provisional candidate. Current scene equivalence has not been approved.","check visual course framing"
"src/data/chemistry-y12-m8-l8-heavy-metal-contamination-analysis.json","Heavy Metal Contamination and Analysis","scope review","Y12 Applying chemical ideas › inorganic (AAS data on pollutants in water). The bioaccumulation framing is extra","September title/scope crosswalk carried forward as a provisional candidate. Current scene equivalence has not been approved.","check visual course framing"
"src/data/chemistry-y12-m8-l9-nutrient-pollution-eutrophication.json","Nutrient Pollution and Eutrophication","legacy priority","Not in new syllabus (no eutrophication)","September title/scope crosswalk carried forward as a provisional candidate. Current scene equivalence has not been approved.","check visual course framing"
